edition_id,subedition_id,circ,floor_usd
0055c39d-724b-444f-918f-ddff017151f5+dc0783b9-4f96-4b96-9add-b2378cf62ae3,0,684,17
00ac1ba7-32f9-4d49-8603-b7456d30695d+a9e6ca5d-9f30-40b3-a0a7-a26a0c7e2046,0,383,16
09a26cff-7b66-4bbb-b85e-da8a77c338fe+193a5375-680b-4114-ac1f-9937fa911bf0,0,192,21
12a8288a-addc-4e5c-8af7-b3ba6e5161d4+93e0f73a-69e7-4e58-ba89-7345a60f5a47,0,98,199
12a8288a-addc-4e5c-8af7-b3ba6e5161d4+de32d3fb-0e6a-447e-b42a-08bbf1607b7d,0,295,1448
12a8288a-addc-4e5c-8af7-b3ba6e5161d4+f552b506-b41d-4e7c-ac5a-59427f9e96e6,0,211,720
1435ea5e-d16f-4622-8a27-58d7f6b62c81+00decab3-9f1c-4f86-9fa2-5f2f85bfbbdc,0,147,527
1435ea5e-d16f-4622-8a27-58d7f6b62c81+1d61b42b-7e28-47a1-9ae0-d840563c8a99,0,186,69
1435ea5e-d16f-4622-8a27-58d7f6b62c81+8cc76db1-003f-41a3-bd90-7807cc54f950,0,169,25
1435ea5e-d16f-4622-8a27-58d7f6b62c81+af39fc02-277b-40c1-802f-03d03c554231,0,282,23
1f43dd29-dd9c-488d-bf8c-0d2465a3a2bc+22c5c8fc-e583-4f47-86ad-8f9e0b127104,0,73,499
208ae30a-a4fe-42d4-9e51-e6fd1ad2a7a9+0c23b07f-ac0e-4e70-aa01-fe903eee63fb,0,842,0.5
208ae30a-a4fe-42d4-9e51-e6fd1ad2a7a9+4b5d448f-0562-4ed9-9911-54e073e6bdbb,0,1305,1
208ae30a-a4fe-42d4-9e51-e6fd1ad2a7a9+4f9b2aee-ff92-4b85-8eb7-aaee2754ac98,0,790,1
208ae30a-a4fe-42d4-9e51-e6fd1ad2a7a9+e5643680-9741-45db-8fbd-fc00dc107022,0,1119,1
208ae30a-a4fe-42d4-9e51-e6fd1ad2a7a9+f408d18f-8c12-47c2-8e71-590231730cac,0,899,1
20fa900d-6ccd-4956-aef5-d86d6a603937+1eff2100-969e-4c74-811d-d6efe0688490,0,75,799
20fa900d-6ccd-4956-aef5-d86d6a603937+44d75e1f-5730-45fa-8845-ca2d27459f3e,0,73,250
20fa900d-6ccd-4956-aef5-d86d6a603937+5ca477fe-ffcf-4af0-b07b-5e1a4bfb094d,0,40,920
267ff652-8c27-4ca0-91ea-e65243bd8a39+07cda102-5a6e-4052-b288-591cecdb9a66,0,10,9999
267ff652-8c27-4ca0-91ea-e65243bd8a39+16a1951f-1fb2-48e1-996d-698c0cacf524,0,10,1000
267ff652-8c27-4ca0-91ea-e65243bd8a39+357d0144-4d40-4f7f-bc54-a4bf4576b0e9,0,10,2950
267ff652-8c27-4ca0-91ea-e65243bd8a39+362b966d-7fdf-4303-bed2-f91af2c62978,0,10,1100
267ff652-8c27-4ca0-91ea-e65243bd8a39+7285b8bd-1989-4fca-9d71-652a73e1f58f,0,10,1800
267ff652-8c27-4ca0-91ea-e65243bd8a39+90d26d93-163a-4978-a071-c64eed568a71,0,10,1500
267ff652-8c27-4ca0-91ea-e65243bd8a39+9d9a74c1-295c-4a55-b0eb-b2c8143b5e87,0,10,2500
267ff652-8c27-4ca0-91ea-e65243bd8a39+cc2cfa81-7900-439d-9e16-6ab6c5b0d6d7,0,10,2200
267ff652-8c27-4ca0-91ea-e65243bd8a39+df69292a-76ad-4c18-badc-7a1226b51159,0,10,3006
267ff652-8c27-4ca0-91ea-e65243bd8a39+e9bea4ec-3d00-4c2a-a18c-e9b47fcddecd,0,10,1450
267ff652-8c27-4ca0-91ea-e65243bd8a39+f6ff8560-dc9f-4d1e-9b82-f0f23a5ea6a4,0,10,5300
267ff652-8c27-4ca0-91ea-e65243bd8a39+ff5ab73e-7c71-431a-ab87-ad0ec2bf7e10,0,10,1499
27ae1f5c-3360-47f9-ab98-35e959e4e6ba+25c36ce9-9cf1-4a57-95b1-6ab5d450abd6,0,86,37
27ae1f5c-3360-47f9-ab98-35e959e4e6ba+9d4cae08-36bb-4163-bb26-3b7ba00e0244,0,88,33
29cc8656-d78a-402a-8768-8993419012d1+75e2672c-59f2-45c5-9acf-17d40e12361b,21,1,
29cc8656-d78a-402a-8768-8993419012d1+75e2672c-59f2-45c5-9acf-17d40e12361b,0,12,1700
29cc8656-d78a-402a-8768-8993419012d1+84be2973-7a20-40d1-a21e-d2417902f33a,21,5,2200
29cc8656-d78a-402a-8768-8993419012d1+84be2973-7a20-40d1-a21e-d2417902f33a,22,1,
29cc8656-d78a-402a-8768-8993419012d1+84be2973-7a20-40d1-a21e-d2417902f33a,0,29,845
29cc8656-d78a-402a-8768-8993419012d1+be85db62-029c-4445-93fd-f3e2371f9ca4,21,1,7732
29cc8656-d78a-402a-8768-8993419012d1+be85db62-029c-4445-93fd-f3e2371f9ca4,22,1,
29cc8656-d78a-402a-8768-8993419012d1+be85db62-029c-4445-93fd-f3e2371f9ca4,0,10,4500
29cc8656-d78a-402a-8768-8993419012d1+e98e8f3f-2670-48e8-ab11-dc4c4ab06cff,21,5,1795
29cc8656-d78a-402a-8768-8993419012d1+e98e8f3f-2670-48e8-ab11-dc4c4ab06cff,22,1,
29cc8656-d78a-402a-8768-8993419012d1+e98e8f3f-2670-48e8-ab11-dc4c4ab06cff,0,29,950
2ab08547-9f62-4ff4-aff9-1bdc0de8fa3e+48902a95-f3ee-4499-afad-5b62e106ea31,0,107,265
2c8a0e13-35f4-4bfd-9928-3039d32be25e+8a1c9def-75bb-42dd-bd1d-250add1dd262,0,267,16
2e99825d-e147-40c2-a261-cd92fc63618f+2053a72a-63eb-4bee-9bf7-73163d33270f,0,49,2675
2ff47eee-d42a-4109-ba2e-9b830c9719d6+4704779a-d9fe-4716-a9e2-8fdefbf4289c,0,463,19
320cae53-d585-4e74-8a66-404fa3543c19+b2fcd3d0-c8a7-4355-b12b-9c4f58b7e523,0,12,3750
320cae53-d585-4e74-8a66-404fa3543c19+ba054aff-1c4a-4d9e-b367-f0d5168b0fb5,0,33,1500
33a4a3a3-a32c-4925-a4e8-7d24e56b105e+408ba9ac-aa19-4eaf-961f-4dbcd13833d9,0,77,569
33a4a3a3-a32c-4925-a4e8-7d24e56b105e+4a8b2096-70e8-487e-a692-188a66ded4f8,0,190,722
378eca01-3f24-40d4-b108-349af607dcf2+0acba665-bec9-461d-a48b-c198f33db585,0,91,2100
378eca01-3f24-40d4-b108-349af607dcf2+a9ab8e7e-2bb1-4ff8-8ac8-bf72a5c63453,0,45,750
378eca01-3f24-40d4-b108-349af607dcf2+c1705022-93ce-4457-9549-52483c7f78bd,0,22,8888
3806ab9e-bd18-4e8e-8534-1d0b05492b2d+2f11ed0d-ac42-483d-b3a1-0d84d11169a8,0,50,1799
3806ab9e-bd18-4e8e-8534-1d0b05492b2d+3943bf4a-6bb2-49d7-986f-2cec2940094c,0,27,3200
3806ab9e-bd18-4e8e-8534-1d0b05492b2d+6b515631-beb4-4224-8f34-122ce6d10a8e,0,30,2300
391e23a0-f7b6-469e-b1d0-fc24caaebd4d+a59251c0-d5e0-4fb7-9163-3c0598a13c29,0,398,14
391e23a0-f7b6-469e-b1d0-fc24caaebd4d+ffcaf95e-ff1a-4c0d-b710-bb8b8839e99a,0,673,2
39eb0ef6-a729-4bdb-a9ca-783e2d825ef8+c2f783fb-9ab4-4aee-b1b2-cb9d08f21e2a,0,633,99
3a0ae6ce-f22e-4d98-b1fe-906f859df983+815bf3d5-300d-4176-bc53-a89681b57811,0,43,333
3a880c8b-c080-4cc7-b393-b3a83dd54a35+4a4a8fc2-5653-45f4-bc68-a3bf6b74cccb,0,30,3000
3f9ded22-b456-47cb-a1dd-41542ff7ab43+ea07fe07-7622-464b-b822-228fcf0e374f,19,23,464
3f9ded22-b456-47cb-a1dd-41542ff7ab43+ea07fe07-7622-464b-b822-228fcf0e374f,20,10,1999
3f9ded22-b456-47cb-a1dd-41542ff7ab43+ea07fe07-7622-464b-b822-228fcf0e374f,0,122,265
400f5417-c3e5-4946-a516-6a7323402673+59b1a895-cbdf-4ed2-9f8f-12899e2b00e9,0,35,1050
40beca59-4136-471b-b1c0-78b41b4c7262+028fa2e6-65a8-4dd0-a46a-03805483fb65,0,12,965
40beca59-4136-471b-b1c0-78b41b4c7262+dd535f40-fa77-4537-8525-8d57711ee96d,0,23,590
416c19b5-dcac-4e5d-8327-f794ec7d8ee0+037eed54-f2db-402c-b090-48484e928065,21,5,355
416c19b5-dcac-4e5d-8327-f794ec7d8ee0+037eed54-f2db-402c-b090-48484e928065,22,1,
416c19b5-dcac-4e5d-8327-f794ec7d8ee0+037eed54-f2db-402c-b090-48484e928065,0,39,106
416c19b5-dcac-4e5d-8327-f794ec7d8ee0+b2e5851f-b08a-4621-8ccd-904f74ba1923,21,5,635
416c19b5-dcac-4e5d-8327-f794ec7d8ee0+b2e5851f-b08a-4621-8ccd-904f74ba1923,22,1,1155
416c19b5-dcac-4e5d-8327-f794ec7d8ee0+b2e5851f-b08a-4621-8ccd-904f74ba1923,0,39,110
416c19b5-dcac-4e5d-8327-f794ec7d8ee0+bbc9e601-6e44-420d-b043-4bc3d257ec85,21,5,180
416c19b5-dcac-4e5d-8327-f794ec7d8ee0+bbc9e601-6e44-420d-b043-4bc3d257ec85,22,1,100000
416c19b5-dcac-4e5d-8327-f794ec7d8ee0+bbc9e601-6e44-420d-b043-4bc3d257ec85,0,37,95
416c19b5-dcac-4e5d-8327-f794ec7d8ee0+d2265841-2688-442e-802e-27800133e000,21,5,699
416c19b5-dcac-4e5d-8327-f794ec7d8ee0+d2265841-2688-442e-802e-27800133e000,22,1,
416c19b5-dcac-4e5d-8327-f794ec7d8ee0+d2265841-2688-442e-802e-27800133e000,0,38,223
4227aba2-6cdf-4a6a-87af-7fcd2e13562c+b3151e82-ea4c-4d5f-a223-5c70b5f76617,21,5,83
4227aba2-6cdf-4a6a-87af-7fcd2e13562c+b3151e82-ea4c-4d5f-a223-5c70b5f76617,17,99,6
4227aba2-6cdf-4a6a-87af-7fcd2e13562c+b3151e82-ea4c-4d5f-a223-5c70b5f76617,19,25,20
449c21ff-7dd0-4fde-a6f3-a6cc0a201e52+1501a47c-6680-4a54-921d-954b772c1126,0,14,1999
449c21ff-7dd0-4fde-a6f3-a6cc0a201e52+ad7ba7ed-cf2d-4707-b521-927c31831ddd,0,24,929
449c21ff-7dd0-4fde-a6f3-a6cc0a201e52+e8f6eaf9-eda8-496a-86a9-cd840fd97be7,0,14,999
4be7cade-75ed-4562-bd8f-a7c0e9997b66+545c5561-87da-4cd2-bb56-34d8e94538c2,0,10,5500
4be7cade-75ed-4562-bd8f-a7c0e9997b66+7693834f-ca62-488f-ae78-4bc7c65fcacd,0,26,995
4be7cade-75ed-4562-bd8f-a7c0e9997b66+95ff38b9-8e06-4c05-8494-cbc9ccc08a86,0,36,1149
4be7cade-75ed-4562-bd8f-a7c0e9997b66+b65630a0-3a08-4e10-a2f9-b810c77ac8a9,0,21,987
4be7cade-75ed-4562-bd8f-a7c0e9997b66+ec1d6d97-8818-4c2c-95e3-b96bc92ccada,0,26,489
54bc2e0d-91e9-4f4c-9361-a8d7eeefe91e+70ca89c6-eeb7-4dc7-8abf-059f9cf7839d,0,84,195
54bc2e0d-91e9-4f4c-9361-a8d7eeefe91e+c85bd06f-2a50-4eb1-a587-37117c29665f,0,40,1740
56bc958c-2d67-4e6e-9fd0-3d578710b9e9+06e22aa8-3f4c-4bf8-a1cf-dc068148be89,0,36,1500
5d4f6451-1c45-41ad-b96f-b8cd579d61c6+e55b9469-07a5-4b7e-a7a0-8358ac7a2576,0,1081,44
5f422f6c-fd11-4338-91e0-b9bbcb878583+20109038-9f46-496d-9c53-83faa00ec8f9,0,22,969
5f422f6c-fd11-4338-91e0-b9bbcb878583+29d6a029-bdad-4ccf-8328-8d47ab9250c3,0,50,599
5f422f6c-fd11-4338-91e0-b9bbcb878583+2a8d92b4-a75a-4e20-bfdc-0a94fa93933f,0,14,2245
5f422f6c-fd11-4338-91e0-b9bbcb878583+30e8f0a4-748c-44f5-b53c-f78341a930ff,0,50,695
5f422f6c-fd11-4338-91e0-b9bbcb878583+aed56b06-deaa-4216-a071-bfff1c68c4dc,0,26,729
5f422f6c-fd11-4338-91e0-b9bbcb878583+f380827e-d668-4e4e-a030-4d5687cdf039,0,21,595
5f422f6c-fd11-4338-91e0-b9bbcb878583+f8573ea4-bab2-468f-8d13-11724921fe17,0,20,899
67f35c2f-3e26-459c-9227-a999d1121b1a+196a8a3e-a107-4592-b54e-35e6aeba893d,0,10,722
67f35c2f-3e26-459c-9227-a999d1121b1a+3ed934ce-273b-4f74-9f2e-de0a38508b0f,0,10,900
67f35c2f-3e26-459c-9227-a999d1121b1a+4136b021-4ca2-48a1-bd8d-f1bca79bcbda,0,10,999
67f35c2f-3e26-459c-9227-a999d1121b1a+5f830999-f40c-40cf-91ee-cf7fe5e3946c,0,10,850
67f35c2f-3e26-459c-9227-a999d1121b1a+678c9c81-dbea-485d-85f8-5ebbe1a567f8,0,10,2333
67f35c2f-3e26-459c-9227-a999d1121b1a+814950b5-9616-4de9-92fc-b68c9a245140,0,10,649
67f35c2f-3e26-459c-9227-a999d1121b1a+969529a5-402b-47e8-8899-5ca84342af89,0,10,999
67f35c2f-3e26-459c-9227-a999d1121b1a+a7a47f1d-bd13-4022-b6b2-72f159abe61e,0,10,1888
67f35c2f-3e26-459c-9227-a999d1121b1a+aa60f80e-7b41-489a-967f-95492c05a286,0,10,1000
67f35c2f-3e26-459c-9227-a999d1121b1a+beb69e4a-3f73-46ff-817c-74028bca8582,0,10,1264
67f35c2f-3e26-459c-9227-a999d1121b1a+d33b61a3-62ba-456e-940b-ea74c0fda120,0,10,1200
6d9f3306-7ced-41d7-bb87-3d2a12a0e97a+03b38ad4-e7a5-41e9-9fd4-39e4e639e59a,0,79,1055
6d9f3306-7ced-41d7-bb87-3d2a12a0e97a+14b537fd-991f-4444-b878-5dd224999b85,0,32,2100
6eb21421-c204-45ab-8512-8f52e112e39c+376413e9-4af4-4c6c-b108-e9eb1f86f92b,0,6168,0.79
6eb21421-c204-45ab-8512-8f52e112e39c+376413e9-4af4-4c6c-b108-e9eb1f86f92b,1,490,1
708a6f60-5c93-406e-854f-50dd6734c0dd+2a7e80bd-31fd-4a47-b54e-3569658f49c5,0,88,99
708a6f60-5c93-406e-854f-50dd6734c0dd+3c2e5691-4f54-4521-ac2c-b2a0be453390,0,60,340
708a6f60-5c93-406e-854f-50dd6734c0dd+5cfbda96-45d2-4df0-9f44-b6d54a578f51,0,43,495
708a6f60-5c93-406e-854f-50dd6734c0dd+657cd3d0-fd37-4cb0-b65d-f9798276f731,0,91,114
708a6f60-5c93-406e-854f-50dd6734c0dd+721c6e4c-ba7b-402e-bf1d-f5f7a26bc4b9,0,27,950
708a6f60-5c93-406e-854f-50dd6734c0dd+9bde7d15-1281-4cbe-a061-b394563906b2,0,46,689
708a6f60-5c93-406e-854f-50dd6734c0dd+b46188fd-3e95-4567-bce0-114c80936783,0,94,119
708a6f60-5c93-406e-854f-50dd6734c0dd+fb962b40-31bf-457a-b26d-7e23dcd7914b,0,53,969
708a6f60-5c93-406e-854f-50dd6734c0dd+ff51b06a-a677-49f4-98df-9848851ede84,0,57,243
733bdf78-8ce0-4992-aa78-bd08c2746907+339724a7-4314-4300-86b2-c9a08ae60b25,0,41,2750
733bdf78-8ce0-4992-aa78-bd08c2746907+5d065044-8c6a-4971-b15c-e1c3461fdbfa,0,68,224
733bdf78-8ce0-4992-aa78-bd08c2746907+b4eff71a-aa4e-4446-a62f-bb0cdfdc822c,0,75,899
7b797690-5b53-45a7-b972-bd2d5152654a+48fa13c5-c9fb-4846-b260-3c3b4b503039,0,1343,1
7b797690-5b53-45a7-b972-bd2d5152654a+768166e3-f4bb-4395-9b48-4c545aebc95c,0,946,152
7b797690-5b53-45a7-b972-bd2d5152654a+de32d3fb-0e6a-447e-b42a-08bbf1607b7d,0,982,70
7b797690-5b53-45a7-b972-bd2d5152654a+f552b506-b41d-4e7c-ac5a-59427f9e96e6,0,961,35
814c5183-596f-41d7-9135-c6b29faa9c6d+092685e0-8636-459d-a9d0-9a6c2ce150e6,0,50,2300
814c5183-596f-41d7-9135-c6b29faa9c6d+46b46192-21f7-4b69-bf9c-b70eec06f83d,0,50,899
814c5183-596f-41d7-9135-c6b29faa9c6d+99bd66dc-3ea3-4333-8fb3-b46c24b688e1,0,25,1925
814c5183-596f-41d7-9135-c6b29faa9c6d+9c0cd57c-8203-4ec1-9a0c-9b7e7a6f0635,0,50,299
814c5183-596f-41d7-9135-c6b29faa9c6d+a84fd0fe-1177-4f79-8497-e9d955d272c4,0,25,988
814c5183-596f-41d7-9135-c6b29faa9c6d+de32d3fb-0e6a-447e-b42a-08bbf1607b7d,0,6,19999
814c5183-596f-41d7-9135-c6b29faa9c6d+e2c09c0f-e04b-45db-9f5f-7cd0e6c5ed2b,0,50,2718
814c5183-596f-41d7-9135-c6b29faa9c6d+e48cf01d-0343-48fd-a4ae-c789633cba11,0,25,2999
814c5183-596f-41d7-9135-c6b29faa9c6d+f2a3c763-f7ff-4342-a209-44a34cdf1d02,0,25,1475
814c5183-596f-41d7-9135-c6b29faa9c6d+f552b506-b41d-4e7c-ac5a-59427f9e96e6,0,50,4799
891987bc-a5c0-404e-8486-1735a330a81a+0da105c4-fe24-4994-b79b-5984ccb2d393,17,92,55
891987bc-a5c0-404e-8486-1735a330a81a+0da105c4-fe24-4994-b79b-5984ccb2d393,18,50,188
891987bc-a5c0-404e-8486-1735a330a81a+0da105c4-fe24-4994-b79b-5984ccb2d393,0,914,29
891987bc-a5c0-404e-8486-1735a330a81a+2fcdc853-b04c-4d74-89e4-060c6fc724fe,17,87,288
891987bc-a5c0-404e-8486-1735a330a81a+2fcdc853-b04c-4d74-89e4-060c6fc724fe,18,50,900
891987bc-a5c0-404e-8486-1735a330a81a+2fcdc853-b04c-4d74-89e4-060c6fc724fe,0,908,148
891987bc-a5c0-404e-8486-1735a330a81a+54fbd87c-751e-4745-901f-53d2e76aa556,17,90,12
891987bc-a5c0-404e-8486-1735a330a81a+54fbd87c-751e-4745-901f-53d2e76aa556,18,49,40
891987bc-a5c0-404e-8486-1735a330a81a+54fbd87c-751e-4745-901f-53d2e76aa556,0,893,4
891987bc-a5c0-404e-8486-1735a330a81a+6948bdac-76f9-486e-a9fa-c8c1ec5e1108,17,90,80
891987bc-a5c0-404e-8486-1735a330a81a+6948bdac-76f9-486e-a9fa-c8c1ec5e1108,18,49,175
891987bc-a5c0-404e-8486-1735a330a81a+6948bdac-76f9-486e-a9fa-c8c1ec5e1108,0,902,16
8d7f02e9-96e8-410e-b701-f787e8ca83df+bbb23c17-980e-4879-a255-9cd0f3ff006d,0,99,200
9023d094-b69d-434d-943e-609b7686f6b6+59d172fa-1099-4f17-bf03-779606609762,0,74,2525
9023d094-b69d-434d-943e-609b7686f6b6+7e8d06e5-c6cb-45f9-8591-de414b8857b5,0,74,750
902b6c87-0e91-4768-a660-195fc0173f14+8a4e1293-5c91-4b31-8851-a59a1397e8a8,0,11,300
9397848a-4c46-4b66-83dc-bf2d8d92cc83+c820f075-e15e-4c66-8101-6ed4921d8ad6,0,117,560
93eff992-537d-4027-898b-596c3579273e+5cf50b47-6564-422d-aece-208c416c5794,0,50,525
93eff992-537d-4027-898b-596c3579273e+882500d7-440e-4e36-b421-4b355c4928c3,0,50,1700
93eff992-537d-4027-898b-596c3579273e+efe204c7-bf87-4756-a04c-517bf7cadcef,0,50,477
94a12e38-b097-4610-b979-145036abe75b+52a68252-f3ee-4345-9ef8-2a86b8d79e43,21,5,450
94a12e38-b097-4610-b979-145036abe75b+52a68252-f3ee-4345-9ef8-2a86b8d79e43,22,1,
94a12e38-b097-4610-b979-145036abe75b+52a68252-f3ee-4345-9ef8-2a86b8d79e43,0,43,165
97eade76-c258-4a98-8a34-9adcb4f96b7a+16635099-5a52-4050-b2c5-526ddc05bddb,19,23,325
97eade76-c258-4a98-8a34-9adcb4f96b7a+16635099-5a52-4050-b2c5-526ddc05bddb,20,10,575
97eade76-c258-4a98-8a34-9adcb4f96b7a+16635099-5a52-4050-b2c5-526ddc05bddb,0,94,229
9e03ce90-f80a-4a69-b453-b3d27bd1f07a+25372ae3-d3ed-41bb-bc1b-715a477924b1,0,59,899
9e3a6abe-9971-4b97-b21a-7b5a6c112ab5+1f01ff26-5134-48b2-accc-6e7629234c7f,0,242,15
9e89b552-0236-4ffc-ab6b-8cf7c27d46b4+f745d125-0e01-48f8-b1d7-abc44eff5739,0,981,1
a494c64e-9e93-418c-8934-f331ee47a39b+0f883540-25fa-4fc9-9ee8-f1354d687b9c,0,58,3999
a494c64e-9e93-418c-8934-f331ee47a39b+1607a057-2b78-41a8-9cee-78f3ea5e6bd8,0,25,2649
a494c64e-9e93-418c-8934-f331ee47a39b+51f4281b-a87f-47bc-ba21-eec09f1a7730,0,57,450
a494c64e-9e93-418c-8934-f331ee47a39b+a7dfd16d-3674-4f88-9500-600dabfca6bb,0,58,539
a494c64e-9e93-418c-8934-f331ee47a39b+b3eaf03e-a764-4959-9eae-9442f06d1217,0,59,1555
a59e2336-b33a-4eef-84fd-745d7a915a9b+29b2e423-3143-41c5-ab02-9f5397521172,0,190,180
a59e2336-b33a-4eef-84fd-745d7a915a9b+fa8170df-05fb-498a-8778-5e4f7b023d12,0,534,17
a61f2313-932a-491d-a48d-99e5e5a5d6bb+01cb3c3a-d24c-4c42-99ec-0cc2e38ac65d,19,24,135
a61f2313-932a-491d-a48d-99e5e5a5d6bb+01cb3c3a-d24c-4c42-99ec-0cc2e38ac65d,20,9,999
a61f2313-932a-491d-a48d-99e5e5a5d6bb+01cb3c3a-d24c-4c42-99ec-0cc2e38ac65d,0,121,99
a61f2313-932a-491d-a48d-99e5e5a5d6bb+36d8f2e6-d8be-4047-9623-7a21987ff382,19,23,425
a61f2313-932a-491d-a48d-99e5e5a5d6bb+36d8f2e6-d8be-4047-9623-7a21987ff382,20,9,2800
a61f2313-932a-491d-a48d-99e5e5a5d6bb+36d8f2e6-d8be-4047-9623-7a21987ff382,0,124,290
af76a5f7-dde3-493d-a20f-1e4d1feeb0e3+34d33078-d5e2-418f-83e5-73179cfd427a,19,25,32
af76a5f7-dde3-493d-a20f-1e4d1feeb0e3+34d33078-d5e2-418f-83e5-73179cfd427a,20,10,99
af76a5f7-dde3-493d-a20f-1e4d1feeb0e3+34d33078-d5e2-418f-83e5-73179cfd427a,0,249,15
b32d535a-8e69-401d-a303-872b84c9f77b+f9f29d5d-60c1-4456-b9d1-a66b1dc842de,0,83,250
b3b14e51-1e73-41c9-9987-d8b40a96fbc3+3e0b605b-7041-43f0-80cc-6d1aee66ee55,0,17,2999
b3b14e51-1e73-41c9-9987-d8b40a96fbc3+952fee4f-ebd1-480d-83ff-a6a11b57d906,0,49,210
be262106-4b76-43b1-833c-bbbc0973d7cc+37451a6f-14f0-4dfd-95b3-670e4474ba8a,0,243,16.99
c561f66b-5bd8-451c-8686-156073c3fb69+092685e0-8636-459d-a9d0-9a6c2ce150e6,0,49,2199
c561f66b-5bd8-451c-8686-156073c3fb69+45c2c7f0-c0f1-4ab8-8d5c-b836dfce41a5,0,48,575
c561f66b-5bd8-451c-8686-156073c3fb69+46b46192-21f7-4b69-bf9c-b70eec06f83d,0,49,3249
c561f66b-5bd8-451c-8686-156073c3fb69+60695463-d3b5-481b-a214-4a81707523be,0,49,1999
c561f66b-5bd8-451c-8686-156073c3fb69+819762b5-ca6c-4a5c-83d5-e60a30322e52,0,49,599
c561f66b-5bd8-451c-8686-156073c3fb69+99bd66dc-3ea3-4333-8fb3-b46c24b688e1,0,48,750
c561f66b-5bd8-451c-8686-156073c3fb69+a9dc398e-c76e-4c8f-ac52-b999222d4110,0,49,750
c561f66b-5bd8-451c-8686-156073c3fb69+abd4da56-b32e-4b41-baac-728a147a6e73,0,49,2050
c561f66b-5bd8-451c-8686-156073c3fb69+c8ad129e-a803-4400-9025-2c4209bd2ed4,0,49,345
c561f66b-5bd8-451c-8686-156073c3fb69+d012e87f-7aec-4f5d-969b-2af03890ab4f,0,49,700
c561f66b-5bd8-451c-8686-156073c3fb69+de32d3fb-0e6a-447e-b42a-08bbf1607b7d,0,49,25000
c561f66b-5bd8-451c-8686-156073c3fb69+de73b804-79ee-42b6-b042-aae1a47b7bec,0,49,3500
c561f66b-5bd8-451c-8686-156073c3fb69+e2c09c0f-e04b-45db-9f5f-7cd0e6c5ed2b,0,49,2800
c561f66b-5bd8-451c-8686-156073c3fb69+e48cf01d-0343-48fd-a4ae-c789633cba11,0,49,1800
c561f66b-5bd8-451c-8686-156073c3fb69+ecac4cfb-38ad-4911-8e2d-1018fe603d6e,0,49,699
c561f66b-5bd8-451c-8686-156073c3fb69+f2a3c763-f7ff-4342-a209-44a34cdf1d02,0,49,790
c5bfe017-9705-470a-85d3-ff0bf507368d+c5c8ec57-07fe-41b2-8759-4235909dd4a1,0,364,6
cd14cc9f-1bef-49c6-8aed-ae479646c0fa+379fc49a-2f5e-4e70-9d8e-7f7a38f69951,0,21,4999
cd14cc9f-1bef-49c6-8aed-ae479646c0fa+7b39c6eb-d164-492a-afeb-381ad0d90b8c,0,31,950
cd14cc9f-1bef-49c6-8aed-ae479646c0fa+e10ef594-5d4a-47e5-834a-b87d177770a1,0,26,699
cd14cc9f-1bef-49c6-8aed-ae479646c0fa+f8333c78-b859-4bfc-8527-3ab5eb3c81d7,0,36,588
d3bc322c-f30b-482a-80d7-67ea45deebca+debb5119-efc3-45bd-81d3-5135cd7950d4,0,72,1000
d61a0227-0817-42a6-a449-089d5cab6956+5870ecf5-ab47-41ac-ace3-ed0a20e5041e,21,5,225
d61a0227-0817-42a6-a449-089d5cab6956+5870ecf5-ab47-41ac-ace3-ed0a20e5041e,22,1,
d61a0227-0817-42a6-a449-089d5cab6956+5870ecf5-ab47-41ac-ace3-ed0a20e5041e,0,44,70
ddfe1fcb-c3f5-449f-b645-5fc4d308cc64+2206c87e-e4cc-44a4-bc87-e25db87d2a4c,0,50,245
ddfe1fcb-c3f5-449f-b645-5fc4d308cc64+36833a7b-17a1-4b73-b232-77258afd6eab,0,96,72
ddfe1fcb-c3f5-449f-b645-5fc4d308cc64+66a335ac-ed84-410f-8610-dc458879a778,0,61,1150
ddfe1fcb-c3f5-449f-b645-5fc4d308cc64+85aab9b8-0b4d-493a-9adc-61e2685e2035,0,67,777
deec5491-8dcb-4c68-8ac2-66f8662329aa+4a297446-8ba0-4254-924f-2eb5044a3b45,0,10,4888
deec5491-8dcb-4c68-8ac2-66f8662329aa+50131648-31a8-40d4-b61e-8e1154cd9d82,0,10,365
e13ac19e-8ced-4439-80c0-a4c55cd88c6d+6467f696-aca6-41ac-b999-0e1d18ac5a07,0,39,545
e13ac19e-8ced-4439-80c0-a4c55cd88c6d+b7ad28bc-3e9d-4f31-9c27-5c11b7c9ac56,0,75,478
e3ec2177-db80-424a-aab3-1f1804439725+7b4858c4-ccba-480e-9ca4-2a82a568ac2b,0,10,999
e3ec2177-db80-424a-aab3-1f1804439725+85eab091-9c4c-4da4-905a-0f7cee8cf764,0,10,1420
e3ec2177-db80-424a-aab3-1f1804439725+ab237882-ee41-40aa-bbaf-39b6ec2bfdb5,0,10,1499
e3ec2177-db80-424a-aab3-1f1804439725+c62a323b-b098-4a36-a8b0-41c6618f7d44,0,10,4444
e6af7306-200d-4fad-ad92-7f675df307cb+23ca5724-6a94-448e-87b4-612d81baa0fd,0,42,850
e6af7306-200d-4fad-ad92-7f675df307cb+d0976a74-be35-4f42-b22d-80e3748141d3,0,42,1000
e7cabc5b-cfc9-4239-af3b-b7e42d7bb779+ff852638-eb72-4672-9bae-5d9e04ade2bc,0,27,1450
ede72a8c-02e1-429f-b543-cec4a9513c5b+442f4fbe-22e8-487f-b0b9-28d06cb4070c,0,79,385
ede72a8c-02e1-429f-b543-cec4a9513c5b+4c1807c2-0f28-466e-a4e4-f0036a9ac557,0,88,90
ede72a8c-02e1-429f-b543-cec4a9513c5b+c19fb762-c12f-4011-81e4-64da909aad25,0,95,72
ede72a8c-02e1-429f-b543-cec4a9513c5b+c4019d10-f183-46a4-8d49-3fb155e7aa29,0,51,701
ee8eb595-b7d1-4f2a-a71c-ce50e4c7fc3f+91d52142-8489-4b84-9fca-dae1e91b1abf,19,18,155
ee8eb595-b7d1-4f2a-a71c-ce50e4c7fc3f+91d52142-8489-4b84-9fca-dae1e91b1abf,20,7,888
ee8eb595-b7d1-4f2a-a71c-ce50e4c7fc3f+91d52142-8489-4b84-9fca-dae1e91b1abf,0,86,69
ee8eb595-b7d1-4f2a-a71c-ce50e4c7fc3f+a3da64db-1578-46c8-a2e1-827937c0843a,19,12,600
ee8eb595-b7d1-4f2a-a71c-ce50e4c7fc3f+a3da64db-1578-46c8-a2e1-827937c0843a,20,7,1650
ee8eb595-b7d1-4f2a-a71c-ce50e4c7fc3f+a3da64db-1578-46c8-a2e1-827937c0843a,0,66,399
